{"dist1": 2.69664357510635e-09, "dist2": 0, "dist3": 9.488171026639236e-09, "dist4": 0.004732209670821774}